검법남녀 시즌2	3	.mp4	00:32:00
검법남녀 시즌2	4	.mp4	00:30:01
검법남녀 시즌2	5	.mp4	00:29:59
검법남녀 시즌2	6	.mp4	00:32:04
검법남녀 시즌2	7	.mp4	00:32:15
검법남녀 시즌2	8	.mp4	00:29:58
검법남녀 시즌2	9	.mp4	00:30:29
검법남녀 시즌2	10	.mp4	00:32:04
검법남녀 시즌2	11	.mp4	00:29:49
검법남녀 시즌2	12	.mp4	00:31:54
검법남녀 시즌2	13	.mp4	00:31:40
검법남녀 시즌2	14	.mp4	00:30:29
검법남녀 시즌2	15	.mp4	00:32:02
검법남녀 시즌2	16	.mp4	00:30:10
검법남녀 시즌2	17	.mp4	00:29:07
검법남녀 시즌2	18	.mp4	00:32:56
검법남녀 시즌2	19	.mp4	00:31:38
검법남녀 시즌2	20	.mp4	00:31:01
검법남녀 시즌2	21	.mp4	00:29:34
검법남녀 시즌2	22	.mp4	00:33:20
검법남녀 시즌2	23	.mp4	00:28:28
검법남녀 시즌2	24	.mp4	00:33:54
검법남녀 시즌2	25	.mp4	00:30:47
검법남녀 시즌2	26	.mp4	00:31:26
검법남녀 시즌2	27	.mp4	00:29:26
검법남녀 시즌2	28	.mp4	00:32:56
검법남녀 시즌2	29	.mp4	00:29:01
검법남녀 시즌2	30	.mp4	00:33:15
검법남녀 시즌2	31	.mp4	00:34:22
검법남녀 시즌2	32	.mp4	00:34:35